,id,prompt,quarter
0,174048,terrible,F18
1,174048,special,F18
2,174048,terrible,W19
3,174048,special,W19
4,174048,special,S19
5,153965,terrible,F18
6,153965,special,F18
7,153965,terrible,W19
8,153965,special,W19
9,153965,famous,W18
10,153965,vacation,W18
11,153965,famous,S17
12,153965,vacation,S17
13,153965,famous,S18
14,153965,vacation,S18
15,204489,terrible,F18
16,204489,special,F18
17,204489,terrible,F19
18,204489,special,F19
19,204489,terrible,S19
20,204489,special,S19
21,204489,terrible,W19
22,204489,special,W19
23,204489,yourself,F20
24,204489,beautiful,F20
25,204489,yourself,W20
26,204489,beautiful,W20
27,204489,yourself,S20
28,204489,beautiful,S20
29,146986,terrible,F18
30,146986,special,F18
31,146986,famous,W18
32,146986,vacation,W18
33,146986,famous,S18
34,146986,vacation,S18
35,182911,terrible,F18
36,182911,special,F18
37,182911,terrible,S19
38,182911,special,S19
39,182911,terrible,W19
40,182911,special,W19
41,171906,terrible,F18
42,171906,special,F18
43,171906,terrible,S19
44,171906,special,S19
45,171906,terrible,W19
46,171906,special,W19
47,171709,terrible,F18
48,171709,special,F18
49,171709,terrible,S19
50,171709,special,S19
51,171709,terrible,W19
52,171709,special,W19
53,171709,famous,S18
54,171735,terrible,F18
55,171735,special,F18
56,171735,terrible,S19
57,171735,special,S19
58,171735,terrible,W19
59,171735,special,W19
60,202213,terrible,F18
61,202213,special,F18
62,202213,terrible,F19
63,202213,special,F19
64,202213,terrible,S19
65,202213,special,S19
66,202213,terrible,W19
67,202213,special,W19
68,174300,terrible,F18
69,174300,special,F18
70,174300,terrible,W19
71,174300,special,W19
72,174300,famous,S18
73,174300,vacation,S18
74,210574,terrible,F18
75,210574,special,F18
76,210574,terrible,S19
77,210574,terrible,W19
78,210574,yourself,F20
79,210574,beautiful,F20
80,210574,yourself,W20
81,210574,beautiful,W20
82,210574,yourself,S20
83,210574,beautiful,S20
84,176498,terrible,F18
85,176498,special,F18
86,176498,famous,W18
87,176498,vacation,W18
88,176498,famous,S18
89,173084,terrible,F18
90,173084,special,F18
91,173084,terrible,W19
92,173084,special,W19
93,173084,famous,S18
94,173084,vacation,S18
95,124296,terrible,F18
96,124296,special,F18
97,124296,terrible,S19
98,124296,special,S19
99,124296,terrible,W19
100,124296,special,W19
101,212788,terrible,F18
102,212788,special,F18
103,212788,terrible,S19
104,212788,special,S19
105,212788,terrible,W19
106,212788,special,W19
107,200401,terrible,F18
108,200401,special,F18
109,200401,yourself,W20
110,200401,beautiful,W20
111,200401,yourself,W21
112,200401,beautiful,W21
113,200401,yourself,S20
114,200401,beautiful,S20
115,177817,terrible,F18
116,177817,special,F18
117,177817,yourself,F20
118,177817,beautiful,F20
119,177817,yourself,W21
120,177817,beautiful,W21
121,177817,famous,S18
122,177817,vacation,S18
123,178098,terrible,F18
124,178098,special,F18
125,178098,terrible,F19
126,178098,special,F19
127,178098,terrible,W19
128,178098,special,W19
129,201124,terrible,F18
130,201124,special,F18
131,201124,terrible,W19
132,201124,special,W19
133,201124,special,S19
134,172548,terrible,F18
135,172548,special,F18
136,172548,terrible,F19
137,172548,special,F19
138,172548,terrible,S19
139,172548,special,S19
140,172548,terrible,W19
141,172548,special,W19
142,172548,yourself,W20
143,172548,beautiful,W20
144,172548,yourself,W21
145,172548,beautiful,W21
146,130753,terrible,F18
147,130753,special,F18
148,130753,terrible,S19
149,130753,special,S19
150,130753,terrible,W19
151,130753,special,W19
152,172560,terrible,F18
153,172560,special,F18
154,172560,terrible,F19
155,172560,special,F19
156,172560,terrible,S19
157,172560,special,S19
158,172560,terrible,W19
159,172560,special,W19
160,172560,yourself,F20
161,172560,beautiful,F20
162,172560,yourself,W21
163,172560,beautiful,W21
164,169632,terrible,F18
165,169632,special,F18
166,169632,famous,W18
167,169632,vacation,W18
168,169632,famous,S18
169,185467,terrible,F18
170,185467,special,F18
171,185467,terrible,F19
172,185467,special,F19
173,185467,famous,W18
174,185467,vacation,W18
175,185467,famous,S18
176,185467,vacation,S18
177,146362,terrible,F18
178,146362,special,F18
179,146362,special,F19
180,146362,famous,F17
181,146362,vacation,F17
182,153752,terrible,F18
183,153752,special,F18
184,153752,terrible,W19
185,153752,special,W19
186,153752,famous,S18
187,153752,vacation,S18
188,154983,terrible,F18
189,154983,special,F18
190,154983,terrible,S19
191,154983,special,S19
192,154983,terrible,W19
193,154983,special,W19
194,179434,terrible,F18
195,179434,special,F18
196,179434,terrible,S19
197,179434,special,S19
198,179434,terrible,W19
199,179434,special,W19
200,203240,terrible,F18
201,203240,special,F18
202,203240,terrible,F19
203,203240,special,F19
204,203240,terrible,W19
205,203240,special,W19
206,203240,yourself,W20
207,203240,beautiful,W20
208,203240,yourself,W21
209,203240,beautiful,W21
210,203240,yourself,S20
211,203240,beautiful,S20
212,145221,terrible,F18
213,145221,special,F18
214,145221,terrible,W19
215,145221,special,W19
216,145221,special,S19
217,175731,terrible,F18
218,175731,special,F18
219,175731,special,W19
220,175731,place_you_dislike,S21
221,175731,chaplin,S21
222,175731,vacation,S18
223,176007,terrible,F18
224,176007,special,F18
225,176007,famous,F17
226,176007,vacation,F17
227,176007,famous,W18
228,176007,vacation,W18
229,176007,famous,S18
230,176007,vacation,S18
231,188252,terrible,F18
232,188252,special,F18
233,188252,terrible,F19
234,188252,special,F19
235,188252,terrible,S19
236,188252,special,S19
237,188252,terrible,W19
238,188252,special,W19
239,188252,place_you_dislike,S21
240,188252,chaplin,S21
241,188252,famous,S18
242,188252,vacation,S18
243,206214,terrible,F18
244,206214,special,F18
245,206214,terrible,F19
246,206214,special,F19
247,206214,terrible,S19
248,206214,special,S19
249,206214,special,W19
250,128151,terrible,F18
251,128151,special,F18
252,128151,terrible,S19
253,128151,special,S19
254,128151,terrible,W19
255,128151,special,W19
256,42897,terrible,F18
257,42897,special,F18
258,42897,terrible,S19
259,42897,special,S19
260,42897,terrible,W19
261,42897,special,W19
262,201397,terrible,F18
263,201397,special,F18
264,201397,terrible,F19
265,201397,special,F19
266,201397,terrible,S19
267,201397,special,S19
268,201397,terrible,W19
269,201397,special,W19
270,197375,terrible,F18
271,197375,special,F18
272,197375,terrible,S19
273,197375,special,S19
274,197375,terrible,W19
275,197375,special,W19
276,144663,terrible,F18
277,144663,special,F18
278,144663,terrible,F19
279,144663,special,F19
280,144663,special,S19
281,169097,terrible,F18
282,169097,special,F18
283,169097,special,W19
284,169097,place_you_dislike,S21
285,171790,terrible,F18
286,171790,special,F18
287,171790,terrible,F19
288,171790,special,F19
289,171790,terrible,S19
290,171790,special,S19
291,171790,famous,S18
292,171790,vacation,S18
293,170317,terrible,F18
294,170317,special,F18
295,170317,terrible,S19
296,170317,special,S19
297,170317,terrible,W19
298,170317,special,W19
299,170317,famous,S18
300,172501,terrible,F18
301,172501,special,F18
302,172501,terrible,F19
303,172501,special,F19
304,172501,terrible,S19
305,172501,special,S19
306,172501,yourself,W20
307,172501,beautiful,W20
308,172501,yourself,W21
309,172501,beautiful,W21
310,172501,yourself,S20
311,172501,beautiful,S20
312,127886,terrible,F18
313,127886,special,F18
314,127886,famous,F17
315,127886,vacation,F17
316,127886,famous,S18
317,172111,terrible,F18
318,172111,special,F18
319,172111,terrible,F19
320,172111,special,F19
321,172111,terrible,W19
322,172111,special,W19
323,172111,yourself,S20
324,172111,beautiful,S20
325,172111,famous,S18
326,172111,vacation,S18
327,199575,terrible,F18
328,199575,special,F18
329,199575,terrible,S19
330,199575,special,S19
331,199575,terrible,W19
332,199575,special,W19
333,206993,terrible,F18
334,206993,special,F18
335,206993,terrible,S19
336,206993,special,S19
337,206993,terrible,W19
338,206993,special,W19
339,176214,terrible,F18
340,176214,special,F18
341,176214,terrible,W19
342,176214,special,W19
343,176214,special,S19
344,170249,terrible,F18
345,170249,special,F18
346,170249,terrible,S19
347,170249,special,S19
348,170249,terrible,W19
349,170249,special,W19
350,200070,terrible,F18
351,200070,special,F18
352,200070,terrible,S19
353,200070,special,S19
354,200070,terrible,W19
355,200070,special,W19
356,204564,terrible,F18
357,204564,special,F18
358,204564,terrible,F19
359,204564,special,F19
360,204564,terrible,S19
361,204564,special,S19
362,204564,terrible,W19
363,204564,special,W19
364,127891,terrible,F18
365,127891,special,F18
366,127891,terrible,W19
367,127891,special,W19
368,127891,famous,S18
369,127891,vacation,S18
370,210078,terrible,F18
371,210078,special,F18
372,210078,terrible,S19
373,210078,special,S19
374,210078,terrible,W19
375,210078,special,W19
376,202332,terrible,F18
377,202332,special,F18
378,202332,terrible,F19
379,202332,special,F19
380,202332,terrible,S19
381,202332,special,S19
382,202332,terrible,W19
383,202332,special,W19
384,202332,yourself,F20
385,202332,beautiful,F20
386,202332,yourself,W20
387,202332,beautiful,W20
388,202332,yourself,S20
389,202332,beautiful,S20
390,202332,place_you_dislike,S21
391,202332,chaplin,S21
392,177259,terrible,F18
393,177259,special,F18
394,177259,terrible,S19
395,177259,special,S19
396,177259,terrible,W19
397,177259,special,W19
398,198908,terrible,F18
399,198908,special,F18
400,198908,terrible,F19
401,198908,special,F19
402,198908,yourself,W20
403,198908,beautiful,W20
404,148645,terrible,F18
405,148645,special,F18
406,148645,famous,W18
407,148645,vacation,W18
408,148645,famous,S18
409,148645,vacation,S18
410,170086,terrible,F18
411,170086,special,F18
412,170086,terrible,S19
413,170086,special,S19
414,170086,terrible,W19
415,170086,special,W19
416,170086,famous,S18
417,170086,vacation,S18
418,207499,terrible,F18
419,207499,special,F18
420,207499,terrible,S19
421,207499,special,S19
422,207499,special,W19
423,134174,terrible,F18
424,134174,special,F18
425,134174,terrible,W19
426,134174,special,W19
427,134174,famous,S18
428,134174,vacation,S18
429,196512,terrible,F18
430,196512,special,F18
431,196512,terrible,S19
432,196512,special,S19
433,196512,terrible,W19
434,196512,special,W19
435,115357,terrible,F18
436,115357,special,F18
437,115357,terrible,S19
438,115357,special,S19
439,115357,terrible,W19
440,115357,special,W19
441,115357,famous,S18
442,115357,vacation,S18
443,180990,terrible,F18
444,180990,special,F18
445,180990,terrible,F19
446,180990,special,F19
447,180990,terrible,S19
448,180990,special,S19
449,180990,terrible,W19
450,180990,special,W19
451,183057,terrible,F18
452,183057,special,F18
453,183057,terrible,F19
454,183057,special,F19
455,183057,terrible,S19
456,183057,special,S19
457,183057,terrible,W19
458,183057,special,W19
459,190771,terrible,F18
460,190771,special,F18
461,190771,terrible,W19
462,190771,special,W19
463,190771,famous,S18
464,190771,vacation,S18
465,200456,terrible,F18
466,200456,special,F18
467,200456,yourself,F20
468,200456,beautiful,F20
469,200456,yourself,W20
470,200456,beautiful,W20
471,200456,yourself,W21
472,200456,beautiful,W21
473,200456,yourself,S20
474,200456,beautiful,S20
475,150185,terrible,F18
476,150185,special,F18
477,150185,terrible,W19
478,150185,special,W19
479,150185,famous,S18
480,150185,vacation,S18
481,173833,terrible,F18
482,173833,special,F18
483,173833,terrible,S19
484,173833,special,S19
485,173833,terrible,W19
486,173833,special,W19
487,206555,terrible,F18
488,206555,special,F18
489,206555,terrible,F19
490,206555,special,F19
491,206555,yourself,W20
492,206555,beautiful,W20
493,176553,terrible,F18
494,176553,special,F18
495,176553,terrible,W19
496,176553,special,W19
497,176553,famous,F17
498,176553,vacation,F17
499,176553,famous,W18
500,176553,vacation,W18
501,176553,famous,S18
502,176553,vacation,S18
503,154043,terrible,F18
504,154043,special,F18
505,154043,famous,W18
506,154043,vacation,W18
507,154043,famous,S17
508,154043,vacation,S17
509,154043,famous,S18
510,154043,vacation,S18
511,157984,terrible,F18
512,157984,special,F18
513,157984,terrible,S19
514,157984,special,S19
515,157984,terrible,W19
516,157984,special,W19
517,157984,famous,S18
518,157984,vacation,S18
519,178445,terrible,F18
520,178445,special,F18
521,178445,terrible,S19
522,178445,special,S19
523,178445,special,W19
524,176905,terrible,F18
525,176905,special,F18
526,176905,terrible,S19
527,176905,special,S19
528,176905,terrible,W19
529,176905,special,W19
530,172020,terrible,F18
531,172020,special,F18
532,172020,terrible,W19
533,172020,special,W19
534,172020,yourself,F20
535,172020,beautiful,F20
536,172020,special,F19
537,172020,famous,S18
538,172020,vacation,S18
539,174849,terrible,F18
540,174849,special,F18
541,174849,terrible,S19
542,174849,special,S19
543,174849,terrible,W19
544,174849,special,W19
545,199490,terrible,F18
546,199490,special,F18
547,199490,terrible,S19
548,199490,special,S19
549,199490,terrible,W19
550,199490,special,W19
551,174524,terrible,F18
552,174524,special,F18
553,174524,terrible,S19
554,174524,special,S19
555,174524,terrible,W19
556,174524,special,W19
557,174524,yourself,W20
558,174524,beautiful,W20
559,174524,yourself,W21
560,174524,beautiful,W21
561,174524,yourself,S20
562,174524,beautiful,S20
563,174524,famous,S18
564,174524,vacation,S18
565,171259,terrible,F18
566,171259,special,F18
567,171259,terrible,F19
568,171259,special,F19
569,171259,terrible,S19
570,171259,special,S19
571,171259,terrible,W19
572,171259,special,W19
573,171259,famous,W18
574,171259,vacation,W18
575,171259,famous,S18
576,127219,terrible,F18
577,127219,special,F18
578,127219,famous,S17
579,127219,vacation,S17
580,127219,famous,S18
581,127219,vacation,S18
582,173304,terrible,F18
583,173304,special,F18
584,173304,terrible,W19
585,173304,special,W19
586,173304,famous,S18
587,173304,vacation,S18
588,177604,terrible,F18
589,177604,special,F18
590,177604,terrible,S19
591,177604,special,S19
592,177604,famous,S18
593,177604,vacation,S18
594,199521,terrible,F18
595,199521,special,F18
596,199521,terrible,F19
597,199521,special,F19
598,199521,terrible,S19
599,199521,special,S19
600,199521,yourself,S20
601,199521,beautiful,S20
602,150535,terrible,F18
603,150535,special,F18
604,150535,terrible,W19
605,150535,special,W19
606,150535,famous,W18
607,150535,vacation,W18
608,150535,famous,S18
609,150535,vacation,S18
610,200620,terrible,F18
611,200620,special,F18
612,200620,terrible,F19
613,200620,special,F19
614,200620,terrible,S19
615,200620,special,S19
616,200620,special,W19
617,172434,terrible,F18
618,172434,special,F18
619,172434,terrible,S19
620,172434,special,S19
621,172434,terrible,W19
622,172434,special,W19
623,172434,famous,S18
624,172434,vacation,S18
625,234629,terrible,F19
626,234629,special,F19
627,234629,yourself,W20
628,234629,yourself,S20
629,234629,beautiful,S20
630,201651,terrible,F19
631,201651,special,F19
632,201651,yourself,W20
633,201651,beautiful,W20
634,201651,yourself,S20
635,201651,beautiful,S20
636,229283,terrible,F19
637,229283,special,F19
638,229283,yourself,F20
639,229283,beautiful,F20
640,229283,yourself,W20
641,229283,beautiful,W20
642,229283,yourself,W21
643,229283,beautiful,W21
644,229283,yourself,S20
645,229283,beautiful,S20
646,229283,place_you_dislike,S21
647,147522,terrible,F19
648,147522,special,F19
649,147522,terrible,S19
650,147522,special,S19
651,147522,terrible,W19
652,147522,special,W19
653,204312,terrible,F19
654,204312,special,F19
655,204312,terrible,S19
656,204312,special,S19
657,204312,terrible,W19
658,204312,special,W19
659,204312,yourself,W20
660,204312,beautiful,W20
661,206074,terrible,F19
662,206074,special,F19
663,206074,yourself,W20
664,206074,beautiful,W20
665,206074,yourself,S20
666,206074,beautiful,S20
667,152099,terrible,F19
668,152099,special,F19
669,152099,terrible,S19
670,152099,special,S19
671,152099,terrible,W19
672,152099,special,W19
673,152099,yourself,F20
674,152099,beautiful,F20
675,152099,yourself,W20
676,152099,beautiful,W20
677,152099,yourself,W21
678,152099,beautiful,W21
679,152099,yourself,S20
680,152099,beautiful,S20
681,197689,terrible,F19
682,197689,special,F19
683,197689,yourself,W20
684,197689,beautiful,W20
685,197689,yourself,W21
686,197689,beautiful,W21
687,197689,yourself,S20
688,197689,beautiful,S20
689,177962,terrible,F19
690,177962,special,F19
691,177962,terrible,S19
692,177962,special,S19
693,177962,yourself,W20
694,177962,beautiful,W20
695,170228,terrible,F19
696,170228,special,F19
697,170228,yourself,W20
698,170228,beautiful,W20
699,170228,yourself,S20
700,170228,beautiful,S20
701,172007,terrible,F19
702,172007,special,F19
703,172007,terrible,W19
704,172007,special,W19
705,172007,yourself,W20
706,183406,terrible,F19
707,183406,special,F19
708,183406,yourself,W20
709,183406,yourself,S20
710,183406,beautiful,S20
711,224952,terrible,F19
712,224952,special,F19
713,224952,yourself,F20
714,224952,beautiful,F20
715,224952,yourself,W20
716,224952,yourself,S20
717,224952,beautiful,S20
718,215556,terrible,F19
719,215556,special,F19
720,215556,yourself,W20
721,215556,beautiful,W20
722,215556,yourself,S20
723,215556,beautiful,S20
724,233156,terrible,F19
725,233156,special,F19
726,233156,yourself,W20
727,233156,beautiful,W20
728,233156,yourself,S20
729,233131,terrible,F19
730,233131,special,F19
731,233131,yourself,W20
732,233131,beautiful,W20
733,233131,yourself,S20
734,233131,beautiful,S20
735,227970,terrible,F19
736,227970,special,F19
737,227970,yourself,W20
738,227970,beautiful,W20
739,227970,yourself,S20
740,227970,beautiful,S20
741,244958,terrible,F19
742,244958,special,F19
743,244958,yourself,W20
744,244958,beautiful,W20
745,244958,yourself,S20
746,244958,place_you_dislike,S21
747,244958,chaplin,S21
748,211965,terrible,F19
749,211965,special,F19
750,211965,terrible,S19
751,211965,special,S19
752,211965,yourself,W21
753,211965,beautiful,W21
754,200507,terrible,F19
755,200507,special,F19
756,200507,yourself,W20
757,200507,beautiful,W20
758,200507,yourself,W21
759,196132,terrible,F19
760,196132,special,F19
761,196132,yourself,W20
762,196132,beautiful,W20
763,196132,yourself,S20
764,196132,beautiful,S20
765,203436,terrible,F19
766,203436,special,F19
767,203436,terrible,S19
768,203436,special,S19
769,203436,yourself,W20
770,203436,beautiful,W20
771,203436,yourself,S20
772,203436,beautiful,S20
773,173183,terrible,F19
774,173183,special,F19
775,173183,terrible,S19
776,173183,special,S19
777,173183,terrible,W19
778,173183,special,W19
779,173183,yourself,W20
780,173183,beautiful,W20
781,173183,yourself,W21
782,173183,beautiful,W21
783,196279,terrible,F19
784,196279,special,F19
785,196279,yourself,W20
786,196279,beautiful,W20
787,196279,yourself,S20
788,196279,beautiful,S20
789,245248,terrible,F19
790,245248,special,F19
791,245248,yourself,W20
792,245248,yourself,S20
793,205678,terrible,F19
794,205678,special,F19
795,205678,terrible,S19
796,205678,special,S19
797,205678,yourself,S20
798,205678,beautiful,S20
799,205678,beautiful,W20
800,205321,terrible,F19
801,205321,special,F19
802,205321,terrible,S19
803,205321,special,S19
804,205321,terrible,W19
805,205321,special,W19
806,205321,yourself,W20
807,205321,beautiful,W20
808,205321,yourself,W21
809,205321,beautiful,W21
810,197174,terrible,F19
811,197174,special,F19
812,197174,terrible,S19
813,197174,special,S19
814,197174,terrible,W19
815,197174,special,W19
816,197174,yourself,W20
817,197174,beautiful,W20
818,200110,terrible,F19
819,200110,special,F19
820,200110,terrible,S19
821,200110,special,S19
822,200110,yourself,W20
823,200110,beautiful,W20
824,149219,terrible,F19
825,149219,special,F19
826,149219,terrible,S19
827,149219,special,S19
828,149219,terrible,W19
829,149219,special,W19
830,203237,terrible,F19
831,203237,special,F19
832,203237,yourself,W20
833,203237,yourself,S20
834,203237,beautiful,S20
835,202905,terrible,F19
836,202905,special,F19
837,202905,terrible,W19
838,202905,special,W19
839,202905,special,F18
840,205918,terrible,F19
841,205918,special,F19
842,205918,yourself,W20
843,205918,beautiful,W20
844,205918,yourself,S20
845,205918,beautiful,S20
846,201766,terrible,F19
847,201766,special,F19
848,201766,yourself,F20
849,201766,beautiful,F20
850,201766,yourself,W20
851,201766,beautiful,W20
852,201766,yourself,S20
853,201766,beautiful,S20
854,207317,terrible,F19
855,207317,terrible,S19
856,207317,special,S19
857,207317,yourself,W20
858,207317,beautiful,W20
859,207317,yourself,S20
860,207317,beautiful,S20
861,207317,special,F18
862,206037,terrible,F19
863,206037,special,F19
864,206037,yourself,W20
865,206037,beautiful,W20
866,206037,yourself,S20
867,206037,beautiful,S20
868,176623,terrible,F19
869,176623,special,F19
870,176623,yourself,W20
871,176623,beautiful,W20
872,176623,yourself,S20
873,176623,beautiful,S20
874,183043,terrible,F19
875,183043,special,F19
876,183043,terrible,S19
877,183043,special,S19
878,183043,terrible,W19
879,183043,special,W19
880,183043,yourself,W20
881,183043,beautiful,W20
882,231661,terrible,F19
883,231661,special,F19
884,231661,yourself,W21
885,231661,beautiful,W21
886,231661,place_you_dislike,S21
887,231661,chaplin,S21
888,145417,terrible,F19
889,145417,special,F19
890,145417,famous,F17
891,145417,vacation,F17
892,145417,famous,W18
893,145417,vacation,W18
894,145417,famous,S18
895,202280,terrible,F19
896,202280,special,F19
897,202280,terrible,S19
898,202280,special,S19
899,202280,terrible,W19
900,202280,special,W19
901,202280,yourself,W20
902,202280,beautiful,W20
903,230019,terrible,F19
904,230019,special,F19
905,230019,yourself,W21
906,230019,beautiful,W21
907,230019,place_you_dislike,S21
908,230019,chaplin,S21
909,206408,terrible,F19
910,206408,special,F19
911,206408,terrible,S19
912,206408,special,S19
913,206408,terrible,W19
914,206408,special,W19
915,206408,yourself,F20
916,206408,beautiful,F20
917,206408,yourself,W20
918,206408,special,F18
919,206352,terrible,F19
920,206352,special,F19
921,206352,terrible,S19
922,206352,special,S19
923,206352,terrible,W19
924,206352,special,W19
925,235983,terrible,F19
926,235983,special,F19
927,235983,yourself,F20
928,235983,beautiful,F20
929,235983,yourself,W20
930,235983,beautiful,W20
931,235983,yourself,S20
932,235983,beautiful,S20
933,236779,terrible,F19
934,236779,special,F19
935,236779,yourself,F20
936,236779,beautiful,F20
937,236779,yourself,W20
938,236779,beautiful,W20
939,236779,yourself,W21
940,236779,beautiful,W21
941,236779,yourself,S20
942,236779,beautiful,S20
943,176912,terrible,F19
944,176912,special,F19
945,176912,yourself,W20
946,176912,beautiful,W20
947,176912,yourself,S20
948,148989,terrible,F19
949,148989,special,F19
950,148989,terrible,S19
951,148989,special,S19
952,148989,special,W19
953,205366,terrible,F19
954,205366,special,F19
955,205366,yourself,F20
956,205366,beautiful,F20
957,205366,yourself,W20
958,205366,beautiful,W20
959,205366,yourself,W21
960,205366,beautiful,W21
961,205366,yourself,S20
962,205366,beautiful,S20
963,205366,place_you_dislike,S21
964,205366,chaplin,S21
965,127621,terrible,F19
966,127621,special,F19
967,127621,terrible,W19
968,127621,special,W19
969,127621,famous,W18
970,127621,vacation,W18
971,127621,vacation,F17
972,174279,terrible,F19
973,174279,special,F19
974,174279,yourself,W20
975,174279,beautiful,W20
976,174279,yourself,S20
977,174279,beautiful,S20
978,176863,terrible,F19
979,176863,special,F19
980,176863,yourself,W20
981,176863,beautiful,W20
982,176863,yourself,S20
983,176863,beautiful,S20
984,196798,terrible,F19
985,196798,special,F19
986,196798,terrible,S19
987,196798,special,S19
988,196798,yourself,W20
989,196798,beautiful,W20
990,196798,yourself,S20
991,196798,beautiful,S20
992,206469,terrible,F19
993,206469,special,F19
994,206469,yourself,W20
995,206469,beautiful,W20
996,206469,yourself,W21
997,206469,beautiful,W21
998,155856,terrible,F19
999,155856,special,F19
1000,155856,yourself,F20
1001,155856,yourself,S20
1002,155856,beautiful,S20
1003,155856,beautiful,W20
1004,172437,terrible,F19
1005,172437,special,F19
1006,172437,terrible,S19
1007,172437,special,S19
1008,172437,yourself,W20
1009,172437,beautiful,W20
1010,152083,terrible,F19
1011,152083,special,F19
1012,152083,terrible,S19
1013,152083,special,S19
1014,152083,special,W19
1015,204269,terrible,F19
1016,204269,special,F19
1017,204269,terrible,S19
1018,204269,yourself,W20
1019,204269,beautiful,W20
1020,204269,yourself,S20
1021,204269,beautiful,S20
1022,217163,terrible,F19
1023,217163,special,F19
1024,217163,terrible,S19
1025,217163,special,S19
1026,217163,terrible,W19
1027,217163,special,W19
1028,206090,terrible,F19
1029,206090,special,F19
1030,206090,terrible,S19
1031,206090,special,S19
1032,206090,terrible,W19
1033,206090,special,W19
1034,206090,yourself,W21
1035,206090,beautiful,W21
1036,183368,terrible,F19
1037,183368,special,F19
1038,183368,yourself,W20
1039,183368,beautiful,W20
1040,183368,yourself,S20
1041,183368,beautiful,S20
1042,177000,terrible,F19
1043,177000,special,F19
1044,177000,yourself,W20
1045,177000,beautiful,W20
1046,177000,yourself,S20
1047,177000,beautiful,S20
1048,201268,terrible,S19
1049,201268,special,S19
1050,201268,yourself,W20
1051,201268,yourself,S20
1052,201268,beautiful,S20
1053,169768,terrible,S19
1054,169768,special,S19
1055,169768,terrible,W19
1056,169768,special,W19
1057,169768,famous,W18
1058,169768,vacation,W18
1059,169768,famous,S18
1060,169768,vacation,S18
1061,199706,terrible,S19
1062,199706,special,S19
1063,199706,terrible,W19
1064,199706,special,W19
1065,199706,yourself,W21
1066,199706,beautiful,W21
1067,199706,yourself,S20
1068,199706,beautiful,S20
1069,199706,place_you_dislike,S21
1070,199706,chaplin,S21
1071,217810,terrible,S19
1072,217810,special,S19
1073,217810,terrible,W19
1074,217810,special,W19
1075,217810,yourself,W20
1076,217810,beautiful,W20
1077,217810,yourself,W21
1078,217810,beautiful,W21
1079,217810,yourself,S20
1080,217810,place_you_dislike,S21
1081,217810,chaplin,S21
1082,210389,terrible,S19
1083,210389,special,S19
1084,210389,terrible,W19
1085,210389,special,W19
1086,210389,special,F18
1087,174926,terrible,S19
1088,174926,special,S19
1089,174926,terrible,W19
1090,174926,special,W19
1091,174926,special,F19
1092,198422,terrible,S19
1093,198422,special,S19
1094,198422,special,F18
1095,198422,special,W19
1096,176941,terrible,S19
1097,176941,special,S19
1098,176941,terrible,W19
1099,176941,special,W19
1100,176941,yourself,W20
1101,176941,beautiful,W20
1102,201230,terrible,S19
1103,201230,special,S19
1104,201230,special,F18
1105,201230,place_you_dislike,S21
1106,201230,chaplin,S21
1107,176636,terrible,S19
1108,176636,special,S19
1109,176636,special,F18
1110,176636,special,W19
1111,176636,famous,W18
1112,176636,famous,S18
1113,176636,vacation,S18
1114,197654,terrible,S19
1115,197654,special,S19
1116,197654,terrible,W19
1117,197654,special,W19
1118,197654,yourself,W21
1119,197654,beautiful,W21
1120,133855,terrible,W19
1121,133855,special,W19
1122,133855,famous,W18
1123,133855,vacation,W18
1124,133855,famous,S17
1125,133855,vacation,S17
1126,142846,terrible,W19
1127,142846,special,W19
1128,142846,special,S19
1129,142846,famous,F17
1130,142846,vacation,F17
1131,151535,terrible,W19
1132,151535,special,W19
1133,151535,special,F18
1134,151535,famous,S18
1135,151535,vacation,S18
1136,153672,terrible,W19
1137,153672,special,W19
1138,153672,famous,F17
1139,153672,vacation,F17
1140,153672,famous,W18
1141,153672,vacation,W18
1142,153672,famous,S18
1143,153672,vacation,S18
1144,178484,terrible,W19
1145,178484,special,S19
1146,178484,famous,S18
1147,178484,vacation,S18
1148,232276,yourself,F20
1149,232276,beautiful,F20
1150,232276,yourself,W21
1151,232276,beautiful,W21
1152,232276,place_you_dislike,S21
1153,232276,chaplin,S21
1154,229874,yourself,F20
1155,229874,beautiful,F20
1156,229874,yourself,W21
1157,229874,beautiful,W21
1158,229874,place_you_dislike,S21
1159,229874,chaplin,S21
1160,236896,yourself,F20
1161,236896,beautiful,F20
1162,236896,yourself,W21
1163,236896,beautiful,W20
1164,205873,yourself,F20
1165,205873,beautiful,F20
1166,205873,yourself,W20
1167,205873,beautiful,W20
1168,205873,yourself,S20
1169,205873,beautiful,S20
1170,239439,yourself,F20
1171,239439,beautiful,F20
1172,239439,yourself,W21
1173,239439,beautiful,W21
1174,239439,yourself,S20
1175,239439,beautiful,S20
1176,226784,yourself,F20
1177,226784,yourself,W20
1178,226784,beautiful,W20
1179,226784,place_you_dislike,S21
1180,268138,yourself,F20
1181,268138,beautiful,F20
1182,268138,yourself,W21
1183,268138,beautiful,W21
1184,268138,place_you_dislike,S21
1185,268138,chaplin,S21
1186,270228,yourself,F20
1187,270228,beautiful,F20
1188,270228,yourself,W21
1189,270228,place_you_dislike,S21
1190,236020,yourself,F20
1191,236020,beautiful,F20
1192,236020,yourself,W21
1193,236020,beautiful,W21
1194,236020,yourself,S20
1195,236020,beautiful,S20
1196,265871,yourself,F20
1197,265871,beautiful,F20
1198,265871,yourself,W21
1199,265871,beautiful,W21
1200,265871,place_you_dislike,S21
1201,265871,chaplin,S21
1202,232665,yourself,F20
1203,232665,beautiful,F20
1204,232665,yourself,S20
1205,232665,beautiful,S20
1206,232665,place_you_dislike,S21
1207,232665,chaplin,S21
1208,204788,yourself,F20
1209,204788,beautiful,F20
1210,204788,yourself,W20
1211,204788,beautiful,W20
1212,204788,yourself,W21
1213,204788,beautiful,W21
1214,204788,yourself,S20
1215,204788,beautiful,S20
1216,238203,yourself,F20
1217,238203,beautiful,F20
1218,238203,yourself,W21
1219,238203,yourself,S20
1220,238203,beautiful,S20
1221,231610,yourself,F20
1222,231610,yourself,W20
1223,231610,beautiful,W20
1224,231610,yourself,W21
1225,231610,beautiful,W21
1226,231610,yourself,S20
1227,231610,beautiful,S20
1228,232780,yourself,F20
1229,232780,beautiful,F20
1230,232780,yourself,W20
1231,232780,beautiful,W20
1232,232780,yourself,W21
1233,232780,beautiful,W21
1234,232780,special,F19
1235,206572,yourself,F20
1236,206572,beautiful,F20
1237,206572,yourself,W20
1238,206572,beautiful,W20
1239,206572,yourself,W21
1240,206572,beautiful,W21
1241,206572,yourself,S20
1242,206572,beautiful,S20
1243,230223,yourself,F20
1244,230223,beautiful,F20
1245,230223,yourself,W21
1246,230223,beautiful,W21
1247,230223,place_you_dislike,S21
1248,230223,chaplin,S21
1249,230230,yourself,F20
1250,230230,beautiful,F20
1251,230230,yourself,W21
1252,230230,beautiful,W21
1253,230230,place_you_dislike,S21
1254,230230,chaplin,S21
1255,146940,yourself,F20
1256,146940,beautiful,F20
1257,146940,yourself,S20
1258,146940,beautiful,S20
1259,146940,place_you_dislike,S21
1260,237508,yourself,F20
1261,237508,yourself,W21
1262,237508,beautiful,W21
1263,237508,yourself,S20
1264,237508,beautiful,S20
1265,175320,yourself,F20
1266,175320,beautiful,F20
1267,175320,yourself,W21
1268,175320,beautiful,W21
1269,175320,yourself,S20
1270,175320,beautiful,S20
1271,201305,yourself,F20
1272,201305,beautiful,F20
1273,201305,yourself,W21
1274,201305,beautiful,W21
1275,201305,place_you_dislike,S21
1276,201305,chaplin,S21
1277,226992,yourself,F20
1278,226992,beautiful,F20
1279,226992,yourself,W20
1280,226992,beautiful,W20
1281,226992,yourself,S20
1282,226992,beautiful,S20
1283,226992,place_you_dislike,S21
1284,226992,chaplin,S21
1285,198408,yourself,F20
1286,198408,beautiful,F20
1287,198408,yourself,W20
1288,198408,beautiful,W20
1289,198408,yourself,W21
1290,198408,beautiful,W21
1291,198408,yourself,S20
1292,198408,beautiful,S20
1293,198408,place_you_dislike,S21
1294,198408,chaplin,S21
1295,261016,yourself,F20
1296,261016,beautiful,F20
1297,261016,place_you_dislike,S21
1298,261016,chaplin,S21
1299,261016,beautiful,W21
1300,226319,yourself,F20
1301,226319,beautiful,F20
1302,226319,yourself,W21
1303,226319,beautiful,W21
1304,226319,yourself,S20
1305,226319,beautiful,S20
1306,226319,place_you_dislike,S21
1307,226319,chaplin,S21
1308,256689,yourself,F20
1309,256689,beautiful,F20
1310,256689,yourself,W21
1311,256689,beautiful,W21
1312,256689,place_you_dislike,S21
1313,256689,chaplin,S21
1314,196504,yourself,F20
1315,196504,beautiful,F20
1316,196504,yourself,W20
1317,196504,beautiful,W20
1318,196504,special,F18
1319,196504,special,F19
1320,255886,yourself,F20
1321,255886,beautiful,F20
1322,255886,yourself,W21
1323,255886,beautiful,W21
1324,255886,place_you_dislike,S21
1325,255886,chaplin,S21
1326,206889,yourself,F20
1327,206889,beautiful,F20
1328,206889,yourself,W21
1329,206889,yourself,S20
1330,206889,beautiful,S20
1331,234165,yourself,F20
1332,234165,beautiful,F20
1333,234165,yourself,W21
1334,234165,beautiful,W21
1335,234165,place_you_dislike,S21
1336,234165,chaplin,S21
1337,229455,yourself,F20
1338,229455,beautiful,F20
1339,229455,yourself,W21
1340,229455,beautiful,W21
1341,229455,yourself,S20
1342,229455,beautiful,S20
1343,235669,yourself,W20
1344,235669,beautiful,W20
1345,235669,yourself,W21
1346,235669,beautiful,W21
1347,235669,yourself,S20
1348,197290,yourself,W20
1349,197290,beautiful,W20
1350,197290,yourself,W21
1351,197290,beautiful,W21
1352,197290,yourself,S20
1353,197290,beautiful,S20
1354,231920,yourself,W20
1355,231920,beautiful,W20
1356,231920,yourself,W21
1357,231920,beautiful,W21
1358,231920,yourself,S20
1359,231920,beautiful,S20
1360,204304,yourself,W20
1361,204304,beautiful,W20
1362,204304,yourself,W21
1363,204304,beautiful,W21
1364,204304,yourself,S20
1365,204304,beautiful,S20
1366,40433,yourself,W20
1367,40433,beautiful,W20
1368,40433,yourself,S20
1369,40433,chaplin,S21
1370,231398,yourself,W20
1371,231398,yourself,W21
1372,231398,beautiful,W21
1373,231398,yourself,S20
1374,231398,beautiful,S20
1375,169517,yourself,W20
1376,169517,beautiful,W20
1377,169517,yourself,S20
1378,169517,beautiful,S20
1379,169517,special,F19
1380,182095,yourself,W20
1381,182095,beautiful,W20
1382,182095,yourself,S20
1383,182095,beautiful,S20
1384,182095,special,F19
1385,146744,yourself,W21
1386,146744,famous,W18
1387,146744,vacation,W18
1388,146744,famous,S18
1389,241629,yourself,W21
1390,241629,beautiful,W21
1391,241629,yourself,S20
1392,241629,beautiful,S20
1393,241629,place_you_dislike,S21
1394,241629,chaplin,S21
1395,176866,yourself,W21
1396,176866,beautiful,W21
1397,176866,yourself,S20
1398,176866,beautiful,S20
1399,176866,place_you_dislike,S21
1400,176866,chaplin,S21
1401,205095,yourself,W21
1402,205095,beautiful,W21
1403,205095,yourself,S20
1404,205095,beautiful,S20
1405,205095,place_you_dislike,S21
1406,205095,chaplin,S21
1407,177629,yourself,W21
1408,177629,special,F18
1409,177629,vacation,S18
1410,150891,special,F18
1411,150891,famous,F17
1412,150891,vacation,F17
1413,150891,famous,W18
1414,150891,vacation,W18
1415,150891,famous,S18
1416,150891,vacation,S18
1417,151422,special,F18
1418,151422,famous,S18
1419,151422,vacation,S18
1420,151422,vacation,F17
1421,153523,special,F18
1422,153523,special,W19
1423,153523,famous,S18
1424,153523,vacation,S18
1425,202100,special,F18
1426,202100,special,F19
1427,202100,special,W19
1428,172311,special,F18
1429,172311,special,W19
1430,172311,famous,W18
1431,172311,vacation,W18
1432,172311,famous,S18
1433,168813,special,F18
1434,168813,special,S19
1435,168813,special,W19
1436,179500,special,F18
1437,179500,special,S19
1438,179500,special,W19
1439,126748,special,F18
1440,126748,special,W19
1441,126748,famous,S18
1442,126748,vacation,S18
1443,172972,special,F18
1444,172972,special,S19
1445,172972,special,W19
1446,172972,famous,S18
1447,172972,vacation,S18
1448,126009,special,F19
1449,126009,famous,F17
1450,126009,vacation,F17
1451,126009,famous,S18
1452,126009,vacation,S18
1453,148244,special,W19
1454,148244,famous,F17
1455,148244,vacation,F17
1456,148244,famous,S18
1457,148244,vacation,S18
1458,147203,famous,F17
1459,147203,famous,W18
1460,147203,vacation,W18
1461,147203,famous,S18
1462,153160,famous,F17
1463,153160,vacation,F17
1464,153160,famous,W18
1465,153160,vacation,W18
1466,153160,famous,S18
1467,153160,vacation,S18
1468,128952,famous,F17
1469,128952,vacation,F17
1470,128952,famous,W18
1471,128952,vacation,W18
1472,128952,famous,S18
1473,128952,vacation,S18
1474,124125,famous,F17
1475,124125,vacation,F17
1476,124125,famous,W18
1477,124125,vacation,W18
1478,124125,famous,S17
1479,124125,vacation,S17
1480,154076,famous,F17
1481,154076,vacation,F17
1482,154076,famous,W18
1483,154076,vacation,W18
1484,154076,famous,S18
1485,174618,famous,F17
1486,174618,vacation,F17
1487,174618,famous,W18
1488,174618,vacation,W18
1489,174618,famous,S18
1490,174618,vacation,S18
1491,143816,famous,F17
1492,143816,vacation,F17
1493,143816,famous,W18
1494,143816,vacation,W18
1495,143816,famous,S18
1496,143816,vacation,S18
1497,111868,famous,F17
1498,111868,famous,S17
1499,111868,vacation,S17
1500,111868,famous,S18
1501,111868,vacation,S18
1502,110663,famous,F17
1503,110663,vacation,F17
1504,110663,famous,W18
1505,110663,famous,S17
1506,110663,vacation,S17
1507,154161,famous,F17
1508,154161,vacation,F17
1509,154161,famous,W18
1510,154161,vacation,W18
1511,154161,vacation,S18
1512,157501,famous,F17
1513,157501,vacation,F17
1514,157501,famous,W18
1515,157501,vacation,W18
1516,157501,famous,S17
1517,157501,vacation,S17
1518,127463,famous,F17
1519,127463,vacation,F17
1520,127463,famous,W18
1521,127463,vacation,W18
1522,127463,famous,S18
1523,127463,vacation,S18
1524,120,famous,F17
1525,120,vacation,F17
1526,120,famous,W18
1527,120,vacation,W18
1528,120,famous,S18
1529,120,vacation,S18
1530,175829,famous,F17
1531,175829,vacation,F17
1532,175829,famous,W18
1533,175829,vacation,W18
1534,175829,famous,S18
1535,175829,vacation,S18
1536,179708,famous,F17
1537,179708,vacation,F17
1538,179708,famous,W18
1539,179708,vacation,W18
1540,179708,famous,S18
1541,179708,vacation,S18
1542,172580,famous,F17
1543,172580,vacation,F17
1544,172580,famous,W18
1545,172580,vacation,W18
1546,172580,famous,S18
1547,172580,vacation,S18
1548,136203,famous,F17
1549,136203,famous,W18
1550,136203,vacation,W18
1551,136203,famous,S17
1552,136203,vacation,S17
1553,173162,famous,F17
1554,173162,vacation,F17
1555,173162,famous,W18
1556,173162,vacation,W18
1557,173162,famous,S18
1558,173162,vacation,S18
1559,125237,famous,F17
1560,125237,vacation,F17
1561,125237,famous,W18
1562,125237,vacation,W18
1563,125237,famous,S18
1564,125237,vacation,S18
1565,129059,famous,F17
1566,129059,vacation,F17
1567,129059,famous,W18
1568,129059,famous,S18
1569,147064,famous,F17
1570,147064,vacation,F17
1571,147064,famous,W18
1572,147064,vacation,W18
1573,147064,famous,S18
1574,147064,vacation,S18
1575,125230,famous,F17
1576,125230,vacation,F17
1577,125230,famous,W18
1578,125230,vacation,W18
1579,125230,famous,S18
1580,125230,vacation,S18
1581,177492,famous,F17
1582,177492,vacation,F17
1583,177492,famous,W18
1584,177492,vacation,W18
1585,177492,famous,S18
1586,177492,vacation,S18
1587,149981,famous,F17
1588,149981,vacation,F17
1589,149981,famous,W18
1590,149981,vacation,W18
1591,149981,famous,S18
1592,149981,vacation,S18
1593,156708,famous,F17
1594,156708,vacation,F17
1595,156708,famous,W18
1596,156708,vacation,W18
1597,156708,famous,S17
1598,156708,vacation,S17
1599,172630,famous,F17
1600,172630,vacation,F17
1601,172630,famous,W18
1602,172630,vacation,W18
1603,172630,famous,S18
1604,172630,vacation,S18
1605,130021,famous,W18
1606,130021,vacation,W18
1607,130021,famous,S17
1608,130021,vacation,S17
1609,130021,famous,S18
1610,130021,vacation,S18
1611,133788,famous,W18
1612,133788,vacation,W18
1613,133788,famous,S17
1614,133788,vacation,S17
1615,133788,famous,S18
1616,129004,famous,W18
1617,129004,vacation,W18
1618,129004,famous,S17
1619,129004,vacation,S17
1620,129004,famous,S18
1621,129004,vacation,S18
1622,112394,famous,W18
1623,112394,vacation,W18
1624,112394,famous,S17
1625,112394,vacation,S17
1626,112394,vacation,F17
